variant,startup_time_seconds
jvm-gramine,65.22068738937378
jvm-local,3.2214698791503906
native-dynamic,135.60605645179749
native-static,132.43816447257996
